triggers,big_bertone_scores
0,0.9022749118872156
1,0.1976284584980237
