emotions,big_bertone_scores
anger,0.8690614136732329
disgust,0.8613861386138614
fear,0.888
joy,0.8433945756780402
neutral,0.9172185430463576
sadness,0.8770642201834863
surprise,0.8650306748466258
