emotions,big_bertone_scores
anger,0.8598930481283422
disgust,0.8627450980392157
fear,0.888
joy,0.8545941123996432
neutral,0.9215223981138431
sadness,0.8745519713261649
surprise,0.8672199170124482
