triggers,big_bertone_scores
0,0.9101229895931883
1,0.13657056145675264
