emotions,freezed_bertOne_scores
anger,0.6397146254458977
disgust,0.5026737967914439
fear,0.6379310344827587
joy,0.6018916595012898
neutral,0.7957285566655184
sadness,0.5718954248366013
surprise,0.6824196597353497
