triggers,freezed_bertOne_scores
0,0.6725366876310273
1,0.30031376064545046
