emotions,freezed_bertOne_scores
anger,0.6305882352941177
disgust,0.5222222222222223
fear,0.6395939086294417
joy,0.5963912630579298
neutral,0.7752420470262794
sadness,0.6067415730337079
surprise,0.6410684474123539
