triggers,freezed_bertOne_scores
0,0.5877532437969497
1,0.3046815042210284
