emotions,full_bertOne_scores
anger,0.6270996640537514
disgust,0.5628140703517588
fear,0.6020408163265306
joy,0.6087704213241617
neutral,0.7764938923737207
sadness,0.6070038910505836
surprise,0.6964285714285714
