emotions,full_bertOne_scores
anger,0.5916230366492147
disgust,0.4657534246575342
fear,0.6090909090909091
joy,0.6246973365617433
neutral,0.7746818025455796
sadness,0.5514950166112956
surprise,0.6735537190082644
