triggers,full_bertOne_scores
0,0.7368009385999218
1,0.2870762711864407
