triggers,full_bertOne_scores
0,0.6646946968096344
1,0.3005729396209784
