emotions,random_scores
anger,0.11703239289446186
disgust,0.04961240310077519
fear,0.07881773399014778
joy,0.14299332697807435
neutral,0.19071902090770015
sadness,0.10592686002522068
surprise,0.1437246963562753
