triggers,random_scores
0,0.6218415417558887
1,0.24271012006861065
