emotions,random_scores
anger,0.14254859611231102
disgust,0.06349206349206349
fear,0.06853582554517133
joy,0.1569767441860465
neutral,0.1984047856430708
sadness,0.10980392156862745
surprise,0.16183816183816183
