triggers,random_scores
0,0.619067977768277
1,0.2332185886402754
